product_id,product_name,category,generated_title1,generated_description1,generated_title2,generated_description2
B07JW9H4J1,"Wayona Nylon Braided USB to Lightning Fast Charging and Data Sync Cable Compatible for iPhone 13, 12,11, X, 8, 7, 6, 5, iPad Air, Pro, Mini (3 FT Pack of 1, Grey)",Computers&Accessories|Accessories&Peripherals|Cables&Accessories|Cables|USBCables,"FlashLink Braided USB-Lightning Cable | Quick Charge & Sync | iPhone 13/12/11/X/8/7/6/5, iPad Range | 3ft, Single Pack, Slate","Experience lightning-fast charging and seamless data transfers with the FlashLink Braided USB to Lightning Cable. Designed to complement your iPhone and iPad devices, this 3-foot cable ensures you stay connected and powered up wherever you go. Embrace durability with its nylon-braided exterior, offering a modern slate finish that resists wear and tear. Perfect for your on-the-go lifestyle, this cable is the one-pack wonder you've been waiting for.","SpeedCharge Nylon USB to Lightning QuickSync Cable | iPhone & iPad Compatible | 3ft, Single, Charcoal","Unleash the power of rapid charging and instant data syncing with the SpeedCharge Nylon Cable. Tailored for iPhones and iPads, this 3-foot lightning conductor is your go-to for a quick power boost and efficient file transfers. The robust, charcoal-colored nylon braid not only looks sleek but also guards against daily wear, ensuring your tech essentials are always at your service. Get your hands on this solo pack for a swift, stylish connection."
B098NS6PVG,"Ambrane Unbreakable 60W / 3A Fast Charging 1.5m Braided Type C Cable for Smartphones, Tablets, Laptops & other Type C devices, PD Technology, 480Mbps Data Sync, Quick Charge 3.0 (RCT15A, Black)",Computers&Accessories|Accessories&Peripherals|Cables&Accessories|Cables|USBCables,Ambrane PowerCharge 60W Fast Sync 1.5m USB-C Cable,"Experience the pinnacle of charging technology with the Ambrane PowerCharge USB-C Cable. Designed for modern gadgets, this 1.5-meter braided cable delivers a rapid 60W charge to your smartphones, tablets, and laptops. With Power Delivery (PD) tech for efficient energy transfer, Quick Charge 3.0 for speedy device refueling, and a robust 480Mbps data synchronization rate, your tech lifestyle just got an upgrade. Stay connected and powered up in a fast-paced world.",Ambrane SpeedLink 60W QuickFlow Type-C Connector,"Unleash the full potential of your devices with Ambrane SpeedLink Type-C Connector. Boasting a hefty 60-watt power output and a 1.5-meter length for ultimate convenience, this braided cable ensures your devices charge swiftly and safely with PD technology. Its Quick Charge 3.0 capability guarantees less downtime, while the impressive 480Mbps data transfer speed keeps you in sync. Transform the way you charge with Ambrane SpeedLink."
B096MSW6CT,"Sounce Fast Phone Charging Cable & Data Sync USB Cable Compatible for iPhone 13, 12,11, X, 8, 7, 6, 5, iPad Air, Pro, Mini & iOS Devices",Computers&Accessories|Accessories&Peripherals|Cables&Accessories|Cables|USBCables,LightningSwift Charge & Sync Cable - Speedy Power for iPhone & iPad,"Unleash the full potential of your Apple devices with LightningSwift! Our charging cable not only powers up your iPhone 13, 12, 11, X, 8, 7, 6, 5, iPad Air, Pro, Mini rapidly but also ensures a seamless data sync experience. Get ready for unmatched efficiency!","ElectroLink ProCharge Cable - Ultimate Compatibility, Fast Charging & Data Transfer","Introducing ElectroLink ProCharge, the versatile USB cable designed for your busy life. Compatible with a wide range of iOS devices including iPhone 13, 12, 11, X, 8, 7, 6, 5, iPad Air, Pro, Mini. Experience swift charging and reliable data transfer that keeps pace with you."
B08HDJ86NZ,"boAt Deuce USB 300 2 in 1 Type-C & Micro USB Stress Resistant, Tangle-Free, Sturdy Cable with 3A Fast Charging & 480mbps Data Transmission, 10000+ Bends Lifespan and Extended 1.5m Length(Martian Red)",Computers&Accessories|Accessories&Peripherals|Cables&Accessories|Cables|USBCables,"boAt Deuce USB 300 2 in 1 Type-C & Micro USB Stress Resistant, Tangle-Free, Sturdy Cable with 3A Fast Charging & 480mbps Data Transmission, 10000+ Bends Lifespan and Extended 1.5m Length(Martian Red)",,"boAt Deuce USB 300 2-in-1 Type-C & Micro USB Cable with High-Speed Charging & Data Transfer, Durable & Flexible Design, Over 10000 Bend Lifespan, Extra Length 1.5m - Martian Red",
B08CF3B7N1,"Portronics Konnect L 1.2M Fast Charging 3A 8 Pin USB Cable with Charge & Sync Function for iPhone, iPad (Grey)",Computers&Accessories|Accessories&Peripherals|Cables&Accessories|Cables|USBCables,"Portronics Konnect L 1.2M Fast Charging 3A 8 Pin USB Cable with Charge & Sync Function for iPhone, iPad (Grey)",,Portronics LightningFlash - 1.2M High-Speed 3A Charging Cable with 8 Pin Connector for Seamless Sync & Charge (Charcoal Grey),"Unleash the full potential of your iPhone and iPad with the Portronics LightningFlash cable, designed for high-speed charging and flawless data transfer, encased in a robust charcoal grey finish."
B08Y1TFSP6,"pTron Solero TB301 3A Type-C Data and Fast Charging Cable, Made in India, 480Mbps Data Sync, Strong and Durable 1.5-Meter Nylon Braided USB Cable for Type-C Devices for Charging Adapter (Black)",Computers&Accessories|Accessories&Peripherals|Cables&Accessories|Cables|USBCables,SoleroSync Pro - pTron TB301 3A Fast Charge & Data Cable,"Experience the blend of speed and durability with the SoleroSync Pro - pTron TB301 3A Cable. Designed in India for modern tech enthusiasts, this 1.5m nylon-braided USB Type-C cable ensures rapid charging and 480Mbps data transfer, making it the perfect companion for your Type-C devices and charging adapters. ",pTron Solero Swift - High-Speed Charging & Sync Cable,"Unleash the power of fast charging with the pTron Solero Swift Cable. Crafted for the fast-paced world, the TB301 model offers a 3A rapid charge capability and swift 480Mbps data syncing. This 1.5m nylon-braided, robust USB Type-C cable is your go-to accessory for all Type-C powered devices."
B08WRWPM22,"boAt Micro USB 55 Tangle-free, Sturdy Micro USB Cable with 3A Fast Charging & 480mbps Data Transmission (Black)",Computers&Accessories|Accessories&Peripherals|Cables&Accessories|Cables|USBCables,"boAt RapidWave Micro USB Cable - 3A Quick Charge, High-Speed Data, No-Tangle Design (Sleek Black)","Experience the blend of premium durability and superior charging with boAt RapidWave Micro USB Cable. Engineered for 3A rapid charging and swift 480mbps data transfer, encased in a sleek, tangle-resistant design.","boAt SpeedSync Micro USB Cable - Swift Charge & Sync, Durable, Tangle-Resistant (Jet Black)","Unleash faster charging and syncing with our boAt SpeedSync Micro USB Cable. Crafted for efficiency with a 3A fast charge capability and high-speed 480mbps data transmission, all in a durable, tangle-free package."
B08DDRGWTJ,MI Usb Type-C Cable Smartphone (Black),Computers&Accessories|Accessories&Peripherals|Cables&Accessories|Cables|USBCables,MI SpeedSync Type-C Cable - Power Your Devices in Style,"Experience the perfect blend of design and functionality with the MI SpeedSync Type-C Cable. Crafted with durability and efficient charging in mind, this sleek black cable ensures your smartphone stays powered up and ready to go.",MI BlackLink Type-C Connector - The Ultimate Link for Your Tech,"Unlock rapid charging and seamless data transfer with the MI BlackLink Type-C Connector. Designed for the modern gadget enthusiast, this robust and stylish black cable is the essential accessory for your smartphone."
B008IFXQFU,"TP-Link USB WiFi Adapter for PC(TL-WN725N), N150 Wireless Network Adapter for Desktop - Nano Size WiFi Dongle Compatible with Windows 11/10/7/8/8.1/XP/ Mac OS 10.9-10.15 Linux Kernel 2.6.18-4.4.3",Computers&Accessories|NetworkingDevices|NetworkAdapters|WirelessUSBAdapters,TP-Link SleekStream USB WiFi Adapter | N150 Nano Wireless Connector for Desktops | Windows & Mac Compatible,"Revolutionize your internet experience with the TP-Link SleekStream WiFi Adapter! This ultra-compact, N150 wireless network adapter is the perfect desktop companion, ensuring seamless connectivity. Compatible with a wide range of operating systems including Windows 11/10/7/8/8.1/XP and Mac OS 10.9-10.15, plus Linux Kernel 2.6.18-4.4.3. Its nano size makes it virtually invisible, yet powerfully efficient. Plug in for an unbounded online journey!",TP-Link NanoConnect N150 | Miniature Wireless USB Dongle | Universal Desktop Compatibility,"Introducing the TP-Link NanoConnect N150 - the tiny powerhouse that unlocks full potential of your desktop's wireless capabilities. This discreet USB dongle is compatible with mainstream operating systems from Windows to Mac OS and Linux. Enjoy a stable and speedy connection with minimal setup. It's time to upgrade to a clutter-free, wireless workspace with the NanoConnect N150."
B082LZGK39,"Ambrane Unbreakable 60W / 3A Fast Charging 1.5m Braided Micro USB Cable for Smartphones, Tablets, Laptops & Other Micro USB Devices, 480Mbps Data Sync, Quick Charge 3.0 (RCM15, Black)",Computers&Accessories|Accessories&Peripherals|Cables&Accessories|Cables|USBCables,Ambrane DuraFlex Micro USB Cable,"Experience lightning-fast charging and data sync with the Ambrane DuraFlex Cable. Designed for durability with a 1.5m braided design, this 60W/3A cable supports Quick Charge 3.0 and is perfect for your smartphones, tablets, laptops, and other micro USB devices.",Ambrane SpeedCharge Tough Cable,"Unleash rapid 3A charging with the Ambrane SpeedCharge Tough Cable. The 1.5m long, rugged braided cable specializes in quick data transfer at 480Mbps and is compatible with an array of micro USB devices, ensuring your tech stays powered with ease."
